INSERT INTO infr.transport_directions (transport_direction_name, transport_direction_level)
  VALUES ('ТАМ - СЯМСК', 'ГЛОБАЛЬНОЕ'),
    ('КОЕ-ГДЕНЬ - КОЕ-ГДЕНЬ ГРУЗОВАЯ', 'ЛОКАЛЬНОЕ'),
    ('ГДЕ-ЛИБО - ЗДЕСЯ', 'ЛОКАЛЬНОЕ');


INSERT INTO infr.main_ways (transport_direction_id, main_way_number)
  VALUES (1, 1), (1, 2), (2, 1), (3, 1);


INSERT INTO infr.main_ways_p_distances (main_way_id, p_distance_id)
  VALUES (1, 1), (1, 2), (1, 3), (2, 1), (2, 2), (2, 3), (3, 1), (3, 3), (4, 2), (4, 3);


INSERT INTO infr.kilometers (transport_direction_id, km, p_linear_section_id, sh_service_section_id)
  VALUES (1, 1234, 1, 1),
  (1, 1235, 1, 1),
  (1, 1236, 1, 1),
  (1, 1237, 1, 1),
  (1, 1238, 1, 1),
  (1, 1239, 2, 1),
  (1, 1240, 2, 1),
  (1, 1241, 2, 1),
  (1, 1244, 2, 1),
  (1, 1245, 2, 1),
  (1, 1246, 2, 1),
  (1, 1247, 2, 1),
  (1, 1248, 2, 1),
  (1, 1249, 2, 1),
  (1, 1250, 2, 1),
  (1, 1251, 2, 1),
  (1, 1252, 2, 1),
  (1, 1253, 2, 1),
  (1, 1254, 2, 1),
  (1, 1255, 2, 1),
  (1, 1256, 3, 2),
  (1, 1257, 3, 2),
  (1, 1258, 3, 2),
  (1, 1259, 3, 2),
  (1, 1260, 3, 2),
  (1, 1261, 3, 2),
  (1, 1262, 3, 2),
  (1, 1263, 3, 2),
  (1, 1264, 3, 2),
  (1, 1265, 4, 2),
  (1, 1266, 4, 2),
  (1, 1267, 4, 2),
  (1, 1268, 4, 2),
  (1, 1269, 4, 2),
  (1, 1270, 4, 2),
  (1, 1271, 4, 2),
  (1, 1272, 4, 2),
  (1, 1273, 4, 2),
  (1, 1274, 4, 2),
  (2, 0, 1, 1),
  (2, 1, 1, 1),
  (2, 2, 1, 1),
  (2, 3, 2, 1),
  (2, 4, 2, 1),
  (2, 5, 1, 1),
  (3, 0, 3, 2),
  (3, 1, 3, 2),
  (3, 2, 3, 2),
  (3, 3, 3, 2),
  (3, 4, 3, 2),
  (3, 5, 3, 2),
  (3, 6, 3, 2),
  (3, 7, 3, 2),
  (3, 8, 3, 2),
  (3, 9, 3, 2),
  (3, 10, 3, 2),
  (3, 11, 3, 2),
  (3, 12, 3, 2),
  (3, 13, 3, 2),
  (3, 14, 3, 2);


INSERT INTO infr.kilometers (transport_direction_id, 
                             km, 
                             non_standard, 
                             km_length, 
                             p_linear_section_id, 
                             sh_service_section_id)
  VALUES (1, 1242, true, 1075, 2, 1),
  (1, 1243, true, 1025, 2, 1),
  (2, 6, true, 375, 1, 1),
  (3, 15, true, 625, 3, 2);


INSERT INTO infr.transport_direction_sections (transport_direction_id,
                                               start_km,
                                               start_meter_of_km,
                                               end_km,
                                               end_meter_of_km,
                                               section_length)
  VALUES (1, 1234, 834, 1236, 540, 1706),
  (1, 1256, 803, 1258, 263, 1460),
  (1, 1272, 74, 1274, 885, 2145),
  (2, 4, 831, 6, 375, 1544),
  (3, 13, 790, 15, 625, 1835),
  (1, 1238, 696, 1238, 822, 126),
  (1, 1265, 758, 1265, 839, 81),
  (1, 1267, 273, 1267, 349, 76),
  (1, 1265, 756, 1265, 837, 81),
  (1, 1273, 518, 1273, 519, 1);


INSERT INTO infr.transport_direction_places (transport_direction_id, place_km, place_meter_of_km)
  VALUES (1, 1236, 311),
  (1, 1236, 182),
  (1, 1234, 975),
  (1, 1234, 993),
  (1, 1236, 127),
  (1, 1235, 52),
  (1, 1236, 364),
  (1, 1236, 339),
  (1, 1234, 928),
  (1, 1235, 46),
  (1, 1236, 291),
  (1, 1235, 80),
  (1, 1258, 192),
  (1, 1256, 901),
  (1, 1258, 22),
  (1, 1256, 959),
  (1, 1258, 141),
  (1, 1256, 950),
  (1, 1274, 714),
  (1, 1272, 805),
  (1, 1274, 650),
  (1, 1272, 869),
  (1, 1274, 625),
  (1, 1272, 894),
  (1, 1274, 621),
  (1, 1272, 864),
  (1, 1274, 571),
  (1, 1272, 991),
  (1, 1274, 514),
  (1, 1272, 914),
  (2, 4, 922),
  (2, 6, 257),
  (3, 15, 517),
  (3, 13, 902),
  (3, 13, 982),
  (1, 1262, 737),
  (3, 6, 737),
  (1, 1241, 34),
  (1, 1244, 57),
  (1, 1251, 283),
  (1, 1260, 581),
  (1, 1268, 718),
  (1, 1271, 959),
  (2, 2, 654),
  (3, 8, 10),
  (3, 13, 21),
  (1, 1247, 795),
  (1, 1270, 801);


INSERT INTO infr.stations (structural_enterprise_id, section_id, station_class, appointment, technological_use)
  VALUES (6, 1, 'III', 'ПАССАЖИРСКО-ГРУЗОВАЯ', 'ПРОМЕЖУТОЧНАЯ'),
    (7, 2, 'III', 'ПАССАЖИРСКО-ГРУЗОВАЯ', 'ПРОМЕЖУТОЧНАЯ'),
    (8, 3, 'III', 'ПАССАЖИРСКО-ГРУЗОВАЯ', 'ПРОМЕЖУТОЧНАЯ'),
    (9, 4, 'V', 'ГРУЗОВАЯ', 'ПРОМЕЖУТОЧНАЯ'),
    (10, 5, 'V', 'ПАССАЖИРСКО-ГРУЗОВАЯ', 'ПРОМЕЖУТОЧНАЯ');


INSERT INTO infr.interstation_tracks (start_station_id, end_station_id, electrified, auto_block_system, amount_of_ways)
  VALUES (6, 7, true, true, 2),
  (7, 8, true, true, 2),
  (6, 9, false, false, 1),
  (7, 10, false, false, 1);


INSERT INTO infr.switches (switch_name,
                           switch_project,
                           rail_type,
                           beams_material,
                           ballast_type,
                           cross_marking,
                           control_type,
                           line_side,
                           gauge,
                           installation_date,
                           passed_tonnage_before_install,
                           passed_tonnage_after_install,
                           outcross_curve_length)
  VALUES ('1', '2750', 'Р65', 'Ж/Б', 'ЩЕБЕНЬ', '1 / 11', 'ЭЦ', 'ЛЕВЫЙ', 1520, '2018-07-01', 0, 517.3, 0),
  ('7', '2750', 'Р65', 'Ж/Б', 'ЩЕБЕНЬ', '1 / 11', 'ЭЦ', 'ПРАВЫЙ', 1520, '2018-07-01', 0, 517.3, 0),
  ('4', '2750', 'Р65', 'Ж/Б', 'ЩЕБЕНЬ', '1 / 11', 'ЭЦ', 'ЛЕВЫЙ', 1520, '2018-07-01', 0, 517.3, 0),
  ('6', '2750', 'Р65', 'Ж/Б', 'ЩЕБЕНЬ', '1 / 11', 'ЭЦ', 'ПРАВЫЙ', 1520, '2018-07-01', 0, 517.3, 0),
  ('9', '2768', 'Р65', 'Ж/Б', 'ЩЕБЕНЬ', '1 / 11', 'ЭЦ', 'ПРАВЫЙ', 1520, '2018-07-01', 0, 517.3, 0),
  ('10', '2768', 'Р65', 'Ж/Б', 'ЩЕБЕНЬ', '1 / 11', 'ЭЦ', 'ЛЕВЫЙ', 1520, '2018-07-01', 0, 517.3, 0),
  ('3', '2750', 'Р65', 'Ж/Б', 'ЩЕБЕНЬ', '1 / 11', 'ЭЦ', 'ЛЕВЫЙ', 1520, '2019-06-01', 0, 234.5, 0),
  ('5', '2750', 'Р65', 'Ж/Б', 'ЩЕБЕНЬ', '1 / 11', 'ЭЦ', 'ПРАВЫЙ', 1520, '2019-06-01', 0, 517.3, 0),
  ('2', '2750', 'Р65', 'Ж/Б', 'ЩЕБЕНЬ', '1 / 11', 'ЭЦ', 'ЛЕВЫЙ', 1520, '2019-06-01', 0, 517.3, 0),
  ('8', '2750', 'Р65', 'Ж/Б', 'ЩЕБЕНЬ', '1 / 11', 'ЭЦ', 'ПРАВЫЙ', 1520, '2019-06-01', 0, 517.3, 0),
  ('11', '2750', 'Р65', 'Ж/Б', 'ЩЕБЕНЬ', '1 / 11', 'ЭЦ', 'ЛЕВЫЙ', 1520, '2019-06-01', 0, 517.3, 0),
  ('12', '2750', 'Р65', 'Ж/Б', 'ЩЕБЕНЬ', '1 / 11', 'ЭЦ', 'ПРАВЫЙ', 1520, '2019-06-01', 0, 517.3, 0),
  ('14', '2768', 'Р65', 'Ж/Б', 'ЩЕБЕНЬ', '1 / 11', 'ЭЦ', 'ПРАВЫЙ', 1524, '2010-08-01', 413.4, 2.1, 21),
  ('1', '2750', 'Р65', 'Ж/Б', 'ЩЕБЕНЬ', '1 / 11', 'ЭЦ', 'ПРАВЫЙ', 1520, '2016-10-01', 0, 380.2, 0),
  ('2', '2750', 'Р65', 'Ж/Б', 'ЩЕБЕНЬ', '1 / 11', 'ЭЦ', 'ЛЕВЫЙ', 1520, '2016-10-01', 0, 380.2, 0),
  ('3', '2768', 'Р65', 'Ж/Б', 'ЩЕБЕНЬ', '1 / 11', 'ЭЦ', 'ПРАВЫЙ', 1524, '2021-09-01', 0, 246.8, 0),
  ('4', '2768', 'Р65', 'Ж/Б', 'ЩЕБЕНЬ', '1 / 11', 'ЭЦ', 'ЛЕВЫЙ', 1524, '2021-09-01', 0, 246.8, 0),
  ('5', '2768', 'Р65', 'Ж/Б', 'ЩЕБЕНЬ', '1 / 11', 'ЭЦ', 'ЛЕВЫЙ', 1524, '2016-10-01', 0, 380.2, 0),
  ('6', '2768', 'Р65', 'Ж/Б', 'ЩЕБЕНЬ', '1 / 11', 'ЭЦ', 'ПРАВЫЙ', 1524, '2016-10-01', 0, 380.2, 0),
  ('1', '2750', 'Р65', 'Ж/Б', 'ЩЕБЕНЬ', '1 / 11', 'ЭЦ', 'ЛЕВЫЙ', 1520, '2015-03-01', 0, 817.5, 0),
  ('2', '2750', 'Р65', 'Ж/Б', 'ЩЕБЕНЬ', '1 / 11', 'ЭЦ', 'ЛЕВЫЙ', 1520, '2009-09-01', 0, 738.5, 0),
  ('3', '2750', 'Р65', 'Ж/Б', 'ЩЕБЕНЬ', '1 / 11', 'ЭЦ', 'ЛЕВЫЙ', 1520, '2009-09-01', 0, 738.5, 0),
  ('4', '2750', 'Р65', 'Ж/Б', 'ЩЕБЕНЬ', '1 / 11', 'ЭЦ', 'ЛЕВЫЙ', 1520, '2015-03-01', 0, 817.5, 0),
  ('5', '2750', 'Р65', 'Ж/Б', 'ЩЕБЕНЬ', '1 / 11', 'ЭЦ', 'ПРАВЫЙ', 1520, '2009-09-01', 0, 738.5, 0),
  ('6', '2750', 'Р65', 'Ж/Б', 'ЩЕБЕНЬ', '1 / 11', 'ЭЦ', 'ПРАВЫЙ', 1520, '2015-03-01', 0, 817.5, 0),
  ('7', '2750', 'Р65', 'Ж/Б', 'ЩЕБЕНЬ', '1 / 11', 'ЭЦ', 'ПРАВЫЙ', 1520, '2015-03-01', 0, 817.5, 0),
  ('8', '2750', 'Р65', 'Ж/Б', 'ЩЕБЕНЬ', '1 / 11', 'ЭЦ', 'ПРАВЫЙ', 1520, '2009-09-01', 0, 738.5, 0),
  ('9', '2750', 'Р65', 'Ж/Б', 'ЩЕБЕНЬ', '1 / 11', 'ЭЦ', 'ПРАВЫЙ', 1520, '2015-03-01', 0, 817.5, 0),
  ('10', '2750', 'Р65', 'Ж/Б', 'ЩЕБЕНЬ', '1 / 11', 'ЭЦ', 'ЛЕВЫЙ', 1520, '2015-03-01', 0, 817.5, 0),
  ('11', '2750', 'Р65', 'Ж/Б', 'ЩЕБЕНЬ', '1 / 11', 'ЭЦ', 'ЛЕВЫЙ', 1520, '2009-09-01', 0, 738.5, 0),
  ('12', '2750', 'Р65', 'Ж/Б', 'ЩЕБЕНЬ', '1 / 11', 'ЭЦ', 'ПРАВЫЙ', 1520, '2009-09-01', 0, 738.5, 0),
  ('13', '2768', 'Р65', 'Ж/Б', 'ЩЕБЕНЬ', '1 / 11', 'ЭЦ', 'ЛЕВЫЙ', 1520, '2014-10-01', 213.5, 1.1, 0),
  ('14', '2768', 'Р65', 'Ж/Б', 'ЩЕБЕНЬ', '1 / 11', 'ЭЦ', 'ПРАВЫЙ', 1520, '2014-09-01', 213.5, 1.1, 0),
  ('15', '2766', 'Р65', 'ДЕРЕВ.', 'ЩЕБЕНЬ', '1 / 9', 'РУЧН', 'ПРАВЫЙ', 1524, '2014-06-01', 9.2, 0.75, 19),
  ('1', '2764', 'Р65', 'ДЕРЕВ.', 'ПГС', '1 / 11', 'ЭЦ', 'ЛЕВЫЙ', 1524, '1985-09-01', 0, 11.9, 0),
  ('2', '2764', 'Р65', 'ДЕРЕВ.', 'ПГС', '1 / 11', 'ЭЦ', 'ПРАВЫЙ', 1524, '1985-09-01', 0, 11.9, 0),
  ('4', '2766', 'Р65', 'ДЕРЕВ.', 'ПГС', '1 / 9', 'РУЧН', 'ЛЕВЫЙ', 1524, '1985-09-01', 0, 1.1, 29),
  ('1', '2768', 'Р65', 'Ж/Б', 'ЩЕБЕНЬ', '1 / 11', 'ЭЦ', 'ЛЕВЫЙ', 1524, '2013-07-01', 812.8, 0.8, 0),
  ('2', '2768', 'Р65', 'Ж/Б', 'ЩЕБЕНЬ', '1 / 11', 'ЭЦ', 'ЛЕВЫЙ', 1524, '1986-10-01', 0, 1.1, 0),
  ('4', '2768', 'Р65', 'Ж/Б', 'ЩЕБЕНЬ', '1 / 11', 'ЭЦ', 'ПРАВЫЙ', 1524, '2013-07-01', 812.8, 2.9, 0),
  ('8', '2750', 'Р65', 'Ж/Б', 'ЩЕБЕНЬ', '1 / 11', 'ЭЦ', 'ПРАВЫЙ', 1520, '2016-10-01', 0, 380.2, 38);


INSERT INTO infr.travels (travel_first_switch_id,
                          travel_last_switch_id,
                          travel_length,
                          sleepers_material,
                          ballast_type,
                          installation_date,
                          passed_tonnage_before_install,
                          passed_tonnage_after_install)
  VALUES (9, 3, 15, 'Ж/Б', 'ЩЕБЕНЬ', '2009-04-01', 714.3, 5.5),
  (4, 10, 21, 'ДЕРЕВ.', 'ЩЕБЕНЬ', '1990-09-01', 0, 15.3),
  (1, 7, 15, 'Ж/Б', 'ЩЕБЕНЬ', '2009-05-01', 714.3, 5.5),
  (8, 2, 19, 'ДЕРЕВ.', 'ЩЕБЕНЬ', '1990-09-01', 0, 14.3),
  (15, 17, 23, 'Ж/Б', 'ЩЕБЕНЬ', '2014-03-01', 590.1, 1.3),
  (14, 16, 31, 'Ж/Б', 'ЩЕБЕНЬ', '2014-03-01', 590.1, 1.3),
  (21, 23, 20, 'Ж/Б', 'ЩЕБЕНЬ', '2000-10-01', 514.2, 3.8),
  (25, 27, 32, 'Ж/Б', 'ЩЕБЕНЬ', '2000-10-01', 514.2, 2.0),
  (20, 22, 29, 'Ж/Б', 'ЩЕБЕНЬ', '2000-10-01', 514.2, 3.8),
  (24, 26, 35, 'Ж/Б', 'ЩЕБЕНЬ', '2000-10-01', 514.2, 1.9);


INSERT INTO infr.interstation_track_switches (switch_id, main_way_id, frame_rail_joint_place_id, control_station_id)
  VALUES (41, 2, 36, 7);


INSERT INTO infr.station_ways (station_id,
                               station_way_name,
                               appointment,
                               full_length)
  VALUES (6, '1', 'ГЛАВНЫЙ', 1706),
  (6, '2', 'ГЛАВНЫЙ', 1706),
  (6, '3', 'ПРИЕМООТПРАВОЧНЫЙ', 1095),
  (6, '4', 'ПРИЕМООТПРАВОЧНЫЙ', 1265),
  (7, '1', 'ГЛАВНЫЙ', 1460),
  (7, '2', 'ГЛАВНЫЙ', 1460),
  (7, '4', 'ПРИЕМООТПРАВОЧНЫЙ', 1207),
  (8, '1', 'ГЛАВНЫЙ', 2145),
  (8, '2', 'ГЛАВНЫЙ', 2145),
  (8, '3', 'ПРИЕМООТПРАВОЧНЫЙ', 1693),
  (8, '4', 'ПРИЕМООТПРАВОЧНЫЙ', 1717),
  (8, '5', 'ПРИЕМООТПРАВОЧНЫЙ', 1640),
  (8, '6', 'ПОГРУЗОЧНО-ВЫГРУЗОЧНЫЙ', 1135),
  (9, '1', 'ГЛАВНЫЙ', 1544),
  (9, '2', 'ПРИЕМООТПРАВОЧНЫЙ', 1353),
  (9, '3', 'СОЕДИНИТЕЛЬНЫЙ', 285),
  (10, '1', 'ГЛАВНЫЙ', 1835),
  (10, '2', 'ПОГРУЗОЧНО-ВЫГРУЗОЧНЫЙ', 1685),
  (10, '3', 'ПРИЕМООТПРАВОЧНЫЙ', 1543);


INSERT INTO infr.station_main_ways (station_way_id, main_way_id, section_id)
  VALUES (1, 1, 1),
  (2, 2, 1),
  (5, 1, 2),
  (6, 2, 2),
  (8, 1, 3),
  (9, 2, 3),
  (14, 3, 4),
  (17, 4, 5);


INSERT INTO infr.station_not_main_ways (station_way_id,
                               starts_from_switch_with_name,
                               ends_on_switch_with_name,
                               useful_length,
                               passenger_train_speed,
                               freight_train_speed,
                               p_linear_section_id,
                               sh_service_section_id)
  VALUES (3, '10', '9', 1048, 40, 40, 1, 1),
  (4, '12', '11', 1228, 40, 40, 1, 1),
  (7, '6', '5', 1148, 40, 40, 3, 2),
  (10, '10', '9', 1641, 40, 40, 4, 2),
  (11, '12', '11', 1678, 40, 40, 4, 2),
  (12, '14', '13', 1581, NULL, 40, 4, 2),
  (13, '15', NULL, 1115, NULL, 15, 4, 2),
  (15, '1', '2', 1300, NULL, 40, 1, 1),
  (16, '4', NULL, 267, NULL, 15, 1, 1),
  (18, '2', NULL, 1663, NULL, 15, 3, 2),
  (19, '4', '1', 1491, NULL, 40, 3, 2);


INSERT INTO infr.station_main_way_switches (switch_id,
                                            frame_rail_joint_station_main_way_id,
                                            frame_rail_joint_place_id,
                                            way_name_switch_goes_on)
  VALUES (1, 1, 1, '2'),
  (2, 1, 2, '2'),
  (3, 1, 3, '2'),
  (4, 1, 4, '2'),
  (5, 1, 5, '3'),
  (6, 1, 6, '3'),
  (7, 2, 7, '1'),
  (8, 2, 8, '1'),
  (9, 2, 9, '1'),
  (10, 2, 10, '1'),
  (11, 2, 11, '4'),
  (12, 2, 12, '4'),
  (14, 6, 13, '1'),
  (15, 6, 14, '1'),
  (16, 5, 15, '2'),
  (17, 5, 16, '2'),
  (18, 6, 17, '4'),
  (19, 6, 18, '4'),
  (20, 8, 19, '2'),
  (21, 9, 20, '1'),
  (22, 9, 21, '1'),
  (23, 8, 22, '2'),
  (24, 9, 23, '1'),
  (25, 8, 24, '2'),
  (26, 8, 25, '2'),
  (27, 9, 26, '1'),
  (28, 8, 27, '3'),
  (29, 8, 28, '3'),
  (30, 9, 29, '4'),
  (31, 9, 30, '4'),
  (35, 14, 31, '2'),
  (36, 14, 32, '2'),
  (38, 17, 33, '3'),
  (39, 17, 34, '2'),
  (40, 17, 35, '3');


INSERT INTO infr.station_way_sections (station_way_id, sw_section_start_meter, sw_section_end_meter, sw_section_length)
  VALUES (13, 210, 229, 19);


INSERT INTO infr.station_way_places (station_way_id, sw_place_meter)
  VALUES (3, 115),
  (10, 1702),
  (10, 78),
  (11, 1523),
  (15, 1087),
  (18, 1432),
  (13, 990),
  (16, 245);


INSERT INTO infr.station_way_switches (switch_id, frame_rail_joint_place_id, way_name_switch_goes_on)
  VALUES (13, 1, 'ГЛ. 02'),
  (32, 2, '5'),
  (33, 3, '5'),
  (34, 4, '6'),
  (37, 5, '3');


INSERT INTO infr.artificial_constructions (material_type, p_isso_linear_section_id)
  VALUES ('МЕТАЛЛ', 5),
  ('Ж/Б', 5),
  ('Ж/Б', 5),
  ('Ж/Б', 5),
  ('МЕТАЛЛ', 5),
  ('Ж/Б', 5),
  ('Ж/Б', 5),
  ('МЕТАЛЛ', 5),
  ('Ж/Б', 5),
  ('СТАЛЬ', 5),
  ('Ж/Б', 5),
  ('ПЛАСТИК', 5),
  ('Ж/Б', 5),
  ('БЕТОН', 5),
  ('Ж/Б', 5),
  ('БЕТОН', 5),
  ('БЕТОН', 5),
  ('ПЛАСТИК', 5),
  ('СТАЛЬ', 5);


INSERT INTO infr.bridges (isso_id, bridge_name, size_type, appointment, static_schema_type)
  VALUES (1, 'МОСТ ЧЕРЕЗ Р. ЧУВИХА 1 ПУТЬ', 'БОЛЬШОЙ', 'МОСТ', 'ФЕРМЫ Н'),
  (2, 'МОСТ ЧЕРЕЗ Р. ЧУВАК 1 ПУТЬ', 'СРЕДНИЙ', 'МОСТ', 'ФЕРМЫ В'),
  (4, 'МОСТ ЧЕРЕЗ Р. ЧУВИХА 2 ПУТЬ', 'БОЛЬШОЙ', 'МОСТ', 'ФЕРМЫ Н'),
  (5, 'МОСТ ЧЕРЕЗ Р. ЧУВАК 2 ПУТЬ', 'СРЕДНИЙ', 'МОСТ', 'ФЕРМЫ В'),
  (7, 'ПЕШЕХОДНЫЙ МОСТ СТ. ГДЕ-НИБУДЬСК', 'СРЕДНИЙ', 'ПЕШ. МОСТ', 'БАЛОЧНЫЙ'),
  (8, 'МОСТ ЧЕРЕЗ Р. ГДЕ-НИБУДЬСКИЙ 6 ПУТЬ', 'МАЛЫЙ', 'МОСТ', 'БАЛОЧНЫЙ');


INSERT INTO infr.main_bridges (isso_id, main_way_id, section_id)
  VALUES (1, 1, 6), (2, 1, 7), (4, 2, 6), (5, 2, 9), (7, 1, 10);


INSERT INTO infr.station_bridges (isso_id, station_way_section_id)
  VALUES (8, 1);


INSERT INTO infr.tunnels (isso_id, tunnel_name, size_type, appointment)
  VALUES (3, 'ТОННЕЛЬ ЧЕРЕЗ Г. БАЛДА 1 ПУТЬ', 'СРЕДНИЙ', 'ТОННЕЛЬ'),
  (6, 'ТОННЕЛЬ ЧЕРЕЗ Г. БАЛДА 2 ПУТЬ', 'СРЕДНИЙ', 'ТОННЕЛЬ');


INSERT INTO infr.main_tunnels (isso_id, main_way_id, section_id)
  VALUES (3, 1, 8), (6, 2, 8);


INSERT INTO infr.pipes (isso_id, pipe_length, amount_of_holes, hole_shape, hole_max_dimension, hole_min_dimension)
  VALUES (9, 15, 2, 'КРУГЛОЕ', 750, 750),
  (10, 18, 1, 'ПРЯМОУГОЛЬНОЕ', 750, 500),
  (11, 21, 2, 'КРУГЛОЕ', 500, 500),
  (12, 12, 2, 'ОВАЛЬНОЕ', 750, 500),
  (13, 14, 1, 'КРУГЛОЕ', 750, 750),
  (14, 14, 2, 'КРУГЛОЕ', 750, 750),
  (15, 9, 1, 'КРУГЛОЕ', 1000, 1000),
  (16, 8, 1, 'КРУГЛОЕ', 750, 750),
  (17, 8, 1, 'ПРЯМОУГОЛЬНОЕ', 1000, 500),
  (18, 5, 1, 'КРУГЛОЕ', 500, 500),
  (19, 10, 2, 'КРУГЛОЕ', 500, 500);


INSERT INTO infr.main_pipes (isso_id, place_id)
  VALUES (9, 38), (10, 39), (11, 40), (12, 41), (13, 42), (14, 43), (15, 44), (16, 45), (17, 46);


INSERT INTO infr.station_pipes (isso_id, station_way_place_id)
  VALUES (18, 6), (19, 7);


INSERT INTO infr.road_crossings (road_crossing_category, traffic_control, with_attendant)
  VALUES ('IV', true, false),
  ('II', true, true),
  ('IV', false, false);


INSERT INTO infr.main_road_crossings (road_crossing_id, place_id)
  VALUES (1, 47), (2, 48);


INSERT INTO infr.station_road_crossings (road_crossing_id, station_way_place_id)
  VALUES (3, 8);
